,ФИО коллеги,Оцениваемая задача,Достижение запланированных результатов (0-10),Комментарий о личных качествах,Качество взаимодействия (0-10),Рекомендации по улучшению,Балл за результаты
Сотрудник 1,Васильев С..П..,Оптимизация производительности,8,"Проявил инициативу, быстро учился, эффективно решал проблемы",6,Улучшить документацию процессов,3
Сотрудник 2,Сидоров К..В..,Внедрение новых технологий,9,"Проявил инициативу, быстро учился, эффективно решал проблемы",8,Развивать навыки презентации результатов,3
Сотрудник 3,Волков К..М..,Внедрение новых технологий,6,"Аналитическое мышление, внимательность к рискам",5,Улучшить документацию процессов,2
Сотрудник 4,Иванов В..С..,Оптимизация производительности,10,"Системное мышление, внимание к деталям, ответственность",10,Улучшить документацию процессов,3
Сотрудник 5,Сидоров В..В..,Автоматизация процессов,5,"Организованность, внимательность, стрессоустойчивость",10,Усилить коммуникацию с другими отделами,3
Сотрудник 6,Васильев В..В..,Внедрение новых технологий,5,"Аналитическое мышление, внимательность к рискам",8,Усилить коммуникацию с другими отделами,3
Сотрудник 7,Иванов С..В..,Улучшение безопасности,8,"Техническая экспертиза, креативность, самостоятельность",8,Развивать навыки презентации результатов,3
Сотрудник 8,Сидоров В..П..,Оптимизация производительности,10,"Организованность, внимательность, стрессоустойчивость",10,Развивать навыки презентации результатов,3
Сотрудник 9,Михайлов П..С..,Улучшение безопасности,6,"Проявил инициативу, быстро учился, эффективно решал проблемы",9,Улучшить документацию процессов,3
Сотрудник 10,Сидоров П..С..,Оптимизация производительности,6,"Проявил инициативу, быстро учился, эффективно решал проблемы",5,Улучшить документацию процессов,2
Сотрудник 11,Михайлов В..С..,Улучшение безопасности,5,"Проявил инициативу, быстро учился, эффективно решал проблемы",6,Развивать навыки менторства,2
Сотрудник 12,Иванов П..И..,Внедрение новых технологий,10,"Организованность, внимательность, стрессоустойчивость",5,Усилить коммуникацию с командой,3
Сотрудник 13,Васильев В..И..,Оптимизация процессов,9,"Техническая экспертиза, креативность, самостоятельность",9,Усилить коммуникацию с другими отделами,3
Сотрудник 14,Смирнов В..П..,Внедрение новых технологий,9,"Техническая экспертиза, креативность, самостоятельность",9,Усилить коммуникацию с другими отделами,3
Сотрудник 15,Волков В..М..,Миграция системы,10,"Системное мышление, внимание к деталям, ответственность",8,Усилить коммуникацию с другими отделами,3
Сотрудник 16,Васильев П..В..,Разработка документации,8,"Организованность, внимательность, стрессоустойчивость",9,Усилить коммуникацию с командой,3
Сотрудник 17,Васильев С..С..,Оптимизация процессов,10,"Аналитическое мышление, внимательность к рискам",9,Развивать навыки менторства,3
Сотрудник 18,Васильев В..П..,Оптимизация производительности,6,"Организованность, внимательность, стрессоустойчивость",5,Усилить коммуникацию с другими отделами,2
Сотрудник 19,Васильев М..С..,Автоматизация процессов,8,"Аналитическое мышление, внимательность к рискам",9,Улучшить документацию процессов,3
Сотрудник 20,Волков М..М..,Улучшение безопасности,8,"Аналитическое мышление, внимательность к рискам",6,Развивать навыки презентации результатов,3
Сотрудник 21,Петров В..С..,Миграция системы,9,"Организованность, внимательность, стрессоустойчивость",6,Усилить коммуникацию с другими отделами,3
Сотрудник 22,Козлов К..П..,Оптимизация процессов,9,"Техническая экспертиза, креативность, самостоятельность",10,Улучшить документацию процессов,3
Сотрудник 23,Волков В..В..,Разработка нового функционала,6,"Проявил инициативу, быстро учился, эффективно решал проблемы",10,Развивать навыки менторства,3
Сотрудник 24,Смирнов И..И..,Разработка нового функционала,6,"Организованность, внимательность, стрессоустойчивость",9,Усилить коммуникацию с командой,3
Сотрудник 25,Смирнов В..В..,Улучшение безопасности,5,"Техническая экспертиза, креативность, самостоятельность",6,Усилить коммуникацию с командой,2
Сотрудник 26,Козлов П..В..,Разработка документации,8,"Проявил инициативу, быстро учился, эффективно решал проблемы",10,Развивать навыки менторства,3
Сотрудник 27,Васильев С..М..,Разработка нового функционала,7,"Системное мышление, внимание к деталям, ответственность",6,Усилить коммуникацию с командой,3
Сотрудник 28,Васильев В..С..,Оптимизация производительности,7,"Аналитическое мышление, внимательность к рискам",7,Развивать навыки менторства,3
Сотрудник 29,Петров К..С..,Оптимизация процессов,7,"Организованность, внимательность, стрессоустойчивость",5,Усилить коммуникацию с командой,2
Сотрудник 30,Петров В..П..,Внедрение новых технологий,6,"Системное мышление, внимание к деталям, ответственность",8,Усилить коммуникацию с другими отделами,3
Сотрудник 31,Волков П..М..,Разработка документации,9,"Аналитическое мышление, внимательность к рискам",10,Усилить коммуникацию с другими отделами,3
Сотрудник 32,Михайлов С..В..,Внедрение новых технологий,7,"Организованность, внимательность, стрессоустойчивость",9,Развивать навыки менторства,3
Сотрудник 33,Волков С..В..,Автоматизация процессов,6,"Техническая экспертиза, креативность, самостоятельность",8,Усилить коммуникацию с командой,3
Сотрудник 34,Козлов В..М..,Оптимизация производительности,6,"Проявил инициативу, быстро учился, эффективно решал проблемы",9,Развивать навыки менторства,3
Сотрудник 35,Васильев М..М..,Внедрение новых технологий,9,"Проявил инициативу, быстро учился, эффективно решал проблемы",8,Развивать навыки презентации результатов,3
Сотрудник 36,Иванов В..С..,Оптимизация процессов,10,"Проявил инициативу, быстро учился, эффективно решал проблемы",7,Развивать навыки презентации результатов,3
Сотрудник 37,Волков П..П..,Миграция системы,6,"Аналитическое мышление, внимательность к рискам",8,Усилить коммуникацию с командой,3
Сотрудник 38,Иванов И..К..,Оптимизация производительности,6,"Проявил инициативу, быстро учился, эффективно решал проблемы",10,Улучшить документацию процессов,3
Сотрудник 39,Михайлов В..С..,Оптимизация производительности,8,"Аналитическое мышление, внимательность к рискам",5,Усилить коммуникацию с другими отделами,3
Сотрудник 40,Петров К..К..,Разработка документации,9,"Организованность, внимательность, стрессоустойчивость",6,Развивать навыки презентации результатов,3
Сотрудник 41,Сидоров В..С..,Оптимизация производительности,5,"Проявил инициативу, быстро учился, эффективно решал проблемы",6,Развивать навыки менторства,2
Сотрудник 42,Васильев И..И..,Оптимизация производительности,7,"Организованность, внимательность, стрессоустойчивость",6,Улучшить документацию процессов,3
Сотрудник 43,Михайлов С..П..,Миграция системы,5,"Системное мышление, внимание к деталям, ответственность",8,Усилить коммуникацию с другими отделами,3
Сотрудник 44,Смирнов С..П..,Разработка нового функционала,5,"Системное мышление, внимание к деталям, ответственность",9,Развивать навыки презентации результатов,3
Сотрудник 45,Волков В..И..,Автоматизация процессов,8,"Системное мышление, внимание к деталям, ответственность",8,Развивать навыки менторства,3
Сотрудник 46,Петров С..И..,Улучшение безопасности,9,"Организованность, внимательность, стрессоустойчивость",10,Развивать навыки презентации результатов,3
Сотрудник 47,Козлов С..И..,Разработка документации,8,"Техническая экспертиза, креативность, самостоятельность",5,Усилить коммуникацию с другими отделами,3
Сотрудник 48,Сидоров И..К..,Оптимизация процессов,7,"Проявил инициативу, быстро учился, эффективно решал проблемы",10,Развивать навыки менторства,3
Сотрудник 49,Сидоров К..С..,Разработка нового функционала,5,"Техническая экспертиза, креативность, самостоятельность",10,Развивать навыки презентации результатов,3
Сотрудник 50,Иванов С..П..,Внедрение новых технологий,7,"Техническая экспертиза, креативность, самостоятельность",5,Усилить коммуникацию с другими отделами,2
Сотрудник 51,Иванов К..М..,Оптимизация процессов,9,"Организованность, внимательность, стрессоустойчивость",8,Улучшить документацию процессов,3
Сотрудник 52,Петров М..К..,Улучшение безопасности,10,"Проявил инициативу, быстро учился, эффективно решал проблемы",5,Развивать навыки презентации результатов,3
Сотрудник 53,Козлов В..М..,Разработка нового функционала,8,"Аналитическое мышление, внимательность к рискам",8,Улучшить документацию процессов,3
Сотрудник 54,Сидоров М..С..,Улучшение безопасности,7,"Техническая экспертиза, креативность, самостоятельность",8,Усилить коммуникацию с другими отделами,3
Сотрудник 55,Волков П..К..,Оптимизация процессов,9,"Организованность, внимательность, стрессоустойчивость",10,Улучшить документацию процессов,3
Сотрудник 56,Волков В..В..,Автоматизация процессов,7,"Организованность, внимательность, стрессоустойчивость",10,Развивать навыки презентации результатов,3
Сотрудник 57,Волков С..И..,Разработка документации,6,"Проявил инициативу, быстро учился, эффективно решал проблемы",6,Развивать навыки презентации результатов,2
Сотрудник 58,Васильев И..К..,Разработка нового функционала,7,"Техническая экспертиза, креативность, самостоятельность",5,Улучшить документацию процессов,2
Сотрудник 59,Козлов С..К..,Внедрение новых технологий,9,"Организованность, внимательность, стрессоустойчивость",10,Развивать навыки презентации результатов,3
Сотрудник 60,Михайлов С..С..,Разработка документации,5,"Аналитическое мышление, внимательность к рискам",6,Усилить коммуникацию с другими отделами,2
Сотрудник 61,Васильев П..К..,Разработка документации,8,"Системное мышление, внимание к деталям, ответственность",5,Развивать навыки менторства,3
Сотрудник 62,Волков В..С..,Оптимизация производительности,6,"Системное мышление, внимание к деталям, ответственность",8,Усилить коммуникацию с командой,3
Сотрудник 63,Петров К..К..,Разработка документации,5,"Организованность, внимательность, стрессоустойчивость",7,Улучшить документацию процессов,2
Сотрудник 64,Иванов С..В..,Оптимизация процессов,5,"Организованность, внимательность, стрессоустойчивость",7,Развивать навыки менторства,2
Сотрудник 65,Волков С..В..,Внедрение новых технологий,9,"Проявил инициативу, быстро учился, эффективно решал проблемы",5,Усилить коммуникацию с другими отделами,3
Сотрудник 66,Козлов М..К..,Внедрение новых технологий,10,"Техническая экспертиза, креативность, самостоятельность",7,Усилить коммуникацию с другими отделами,3
Сотрудник 67,Сидоров С..С..,Разработка документации,6,"Системное мышление, внимание к деталям, ответственность",9,Развивать навыки презентации результатов,3
Сотрудник 68,Волков К..С..,Внедрение новых технологий,9,"Проявил инициативу, быстро учился, эффективно решал проблемы",7,Усилить коммуникацию с другими отделами,3
Сотрудник 69,Петров С..В..,Оптимизация процессов,6,"Организованность, внимательность, стрессоустойчивость",8,Улучшить документацию процессов,3
Сотрудник 70,Петров В..С..,Оптимизация производительности,10,"Техническая экспертиза, креативность, самостоятельность",5,Улучшить документацию процессов,3
Сотрудник 71,Михайлов В..В..,Оптимизация процессов,10,"Проявил инициативу, быстро учился, эффективно решал проблемы",9,Развивать навыки менторства,3
Сотрудник 72,Сидоров И..В..,Разработка нового функционала,5,"Организованность, внимательность, стрессоустойчивость",5,Развивать навыки презентации результатов,2
Сотрудник 73,Иванов С..С..,Миграция системы,5,"Организованность, внимательность, стрессоустойчивость",7,Развивать навыки презентации результатов,2
Сотрудник 74,Сидоров И..С..,Миграция системы,5,"Системное мышление, внимание к деталям, ответственность",8,Усилить коммуникацию с другими отделами,3
Сотрудник 75,Васильев П..М..,Миграция системы,9,"Техническая экспертиза, креативность, самостоятельность",6,Развивать навыки презентации результатов,3
Сотрудник 76,Козлов В..И..,Улучшение безопасности,7,"Проявил инициативу, быстро учился, эффективно решал проблемы",8,Развивать навыки менторства,3
Сотрудник 77,Козлов К..И..,Автоматизация процессов,8,"Техническая экспертиза, креативность, самостоятельность",10,Улучшить документацию процессов,3
Сотрудник 78,Козлов И..В..,Миграция системы,5,"Техническая экспертиза, креативность, самостоятельность",8,Усилить коммуникацию с другими отделами,3
Сотрудник 79,Смирнов И..И..,Улучшение безопасности,8,"Системное мышление, внимание к деталям, ответственность",8,Развивать навыки презентации результатов,3
Сотрудник 80,Михайлов К..В..,Миграция системы,7,"Проявил инициативу, быстро учился, эффективно решал проблемы",5,Усилить коммуникацию с командой,2
Сотрудник 81,Михайлов К..П..,Оптимизация производительности,8,"Системное мышление, внимание к деталям, ответственность",10,Улучшить документацию процессов,3
Сотрудник 82,Сидоров С..П..,Автоматизация процессов,9,"Проявил инициативу, быстро учился, эффективно решал проблемы",10,Развивать навыки менторства,3
Сотрудник 83,Петров К..С..,Миграция системы,7,"Аналитическое мышление, внимательность к рискам",10,Развивать навыки презентации результатов,3
Сотрудник 84,Петров П..М..,Внедрение новых технологий,5,"Проявил инициативу, быстро учился, эффективно решал проблемы",5,Усилить коммуникацию с другими отделами,2
Сотрудник 85,Волков С..В..,Миграция системы,6,"Аналитическое мышление, внимательность к рискам",10,Усилить коммуникацию с командой,3
Сотрудник 86,Михайлов В..С..,Улучшение безопасности,5,"Аналитическое мышление, внимательность к рискам",6,Развивать навыки менторства,2
Сотрудник 87,Сидоров И..С..,Разработка нового функционала,7,"Техническая экспертиза, креативность, самостоятельность",9,Развивать навыки менторства,3
Сотрудник 88,Волков И..И..,Внедрение новых технологий,8,"Проявил инициативу, быстро учился, эффективно решал проблемы",8,Усилить коммуникацию с другими отделами,3
Сотрудник 89,Козлов С..С..,Миграция системы,7,"Организованность, внимательность, стрессоустойчивость",7,Усилить коммуникацию с другими отделами,3
Сотрудник 90,Михайлов К..К..,Оптимизация производительности,5,"Организованность, внимательность, стрессоустойчивость",10,Улучшить документацию процессов,3
Сотрудник 91,Козлов В..С..,Миграция системы,9,"Системное мышление, внимание к деталям, ответственность",7,Улучшить документацию процессов,3
Сотрудник 92,Козлов К..И..,Оптимизация производительности,7,"Техническая экспертиза, креативность, самостоятельность",5,Усилить коммуникацию с другими отделами,2
Сотрудник 93,Смирнов В..М..,Автоматизация процессов,6,"Аналитическое мышление, внимательность к рискам",9,Развивать навыки менторства,3
Сотрудник 94,Сидоров И..К..,Оптимизация процессов,6,"Системное мышление, внимание к деталям, ответственность",8,Улучшить документацию процессов,3
Сотрудник 95,Васильев М..С..,Разработка нового функционала,8,"Проявил инициативу, быстро учился, эффективно решал проблемы",8,Развивать навыки презентации результатов,3
Сотрудник 96,Волков П..В..,Оптимизация производительности,5,"Техническая экспертиза, креативность, самостоятельность",6,Развивать навыки менторства,2
Сотрудник 97,Волков С..С..,Автоматизация процессов,9,"Техническая экспертиза, креативность, самостоятельность",10,Усилить коммуникацию с другими отделами,3
Сотрудник 98,Петров В..С..,Миграция системы,7,"Аналитическое мышление, внимательность к рискам",5,Улучшить документацию процессов,2
Сотрудник 99,Козлов В..К..,Оптимизация производительности,8,"Аналитическое мышление, внимательность к рискам",6,Усилить коммуникацию с командой,3
Сотрудник 100,Смирнов С..С..,Улучшение безопасности,6,"Системное мышление, внимание к деталям, ответственность",10,Усилить коммуникацию с другими отделами,3
Сотрудник 101,Иванов В..К..,Внедрение новых технологий,10,"Системное мышление, внимание к деталям, ответственность",5,Усилить коммуникацию с другими отделами,3
Сотрудник 102,Васильев П..С..,Разработка нового функционала,10,"Аналитическое мышление, внимательность к рискам",8,Улучшить документацию процессов,3
Сотрудник 103,Михайлов В..С..,Оптимизация процессов,9,"Организованность, внимательность, стрессоустойчивость",7,Развивать навыки менторства,3
Сотрудник 104,Иванов М..И..,Оптимизация процессов,8,"Системное мышление, внимание к деталям, ответственность",10,Улучшить документацию процессов,3
Сотрудник 105,Васильев П..К..,Разработка документации,10,"Системное мышление, внимание к деталям, ответственность",8,Улучшить документацию процессов,3
Сотрудник 106,Козлов М..М..,Разработка документации,5,"Аналитическое мышление, внимательность к рискам",5,Развивать навыки менторства,2
Сотрудник 107,Петров К..К..,Внедрение новых технологий,9,"Техническая экспертиза, креативность, самостоятельность",8,Развивать навыки менторства,3
Сотрудник 108,Козлов В..И..,Разработка нового функционала,10,"Проявил инициативу, быстро учился, эффективно решал проблемы",6,Усилить коммуникацию с командой,3
Сотрудник 109,Васильев К..В..,Разработка документации,9,"Системное мышление, внимание к деталям, ответственность",10,Усилить коммуникацию с другими отделами,3
Сотрудник 110,Козлов С..И..,Разработка нового функционала,6,"Организованность, внимательность, стрессоустойчивость",6,Улучшить документацию процессов,2
Сотрудник 111,Сидоров П..П..,Внедрение новых технологий,10,"Техническая экспертиза, креативность, самостоятельность",7,Усилить коммуникацию с командой,3
Сотрудник 112,Васильев П..М..,Миграция системы,8,"Техническая экспертиза, креативность, самостоятельность",9,Улучшить документацию процессов,3
Сотрудник 113,Иванов К..И..,Оптимизация процессов,6,"Системное мышление, внимание к деталям, ответственность",8,Улучшить документацию процессов,3
Сотрудник 114,Сидоров П..М..,Внедрение новых технологий,10,"Техническая экспертиза, креативность, самостоятельность",7,Улучшить документацию процессов,3
Сотрудник 115,Михайлов П..И..,Оптимизация производительности,6,"Техническая экспертиза, креативность, самостоятельность",8,Улучшить документацию процессов,3
Сотрудник 116,Сидоров В..С..,Разработка документации,6,"Системное мышление, внимание к деталям, ответственность",5,Развивать навыки менторства,2
Сотрудник 117,Козлов С..В..,Разработка нового функционала,5,"Проявил инициативу, быстро учился, эффективно решал проблемы",6,Улучшить документацию процессов,2
Сотрудник 118,Михайлов В..И..,Внедрение новых технологий,8,"Проявил инициативу, быстро учился, эффективно решал проблемы",10,Развивать навыки менторства,3
Сотрудник 119,Смирнов К..М..,Разработка нового функционала,6,"Организованность, внимательность, стрессоустойчивость",5,Улучшить документацию процессов,2
Сотрудник 120,Михайлов М..К..,Оптимизация процессов,10,"Аналитическое мышление, внимательность к рискам",10,Развивать навыки менторства,3
Сотрудник 121,Волков В..К..,Разработка документации,5,"Аналитическое мышление, внимательность к рискам",10,Усилить коммуникацию с другими отделами,3
Сотрудник 122,Иванов И..П..,Оптимизация процессов,5,"Аналитическое мышление, внимательность к рискам",6,Усилить коммуникацию с командой,2
Сотрудник 123,Михайлов К..В..,Внедрение новых технологий,7,"Проявил инициативу, быстро учился, эффективно решал проблемы",6,Развивать навыки презентации результатов,3
Сотрудник 124,Иванов К..С..,Миграция системы,5,"Системное мышление, внимание к деталям, ответственность",9,Усилить коммуникацию с другими отделами,3
Сотрудник 125,Петров К..С..,Оптимизация производительности,6,"Системное мышление, внимание к деталям, ответственность",7,Развивать навыки презентации результатов,3
Сотрудник 126,Петров М..П..,Внедрение новых технологий,8,"Проявил инициативу, быстро учился, эффективно решал проблемы",10,Усилить коммуникацию с командой,3
Сотрудник 127,Петров В..К..,Миграция системы,7,"Проявил инициативу, быстро учился, эффективно решал проблемы",9,Развивать навыки презентации результатов,3
Сотрудник 128,Михайлов С..М..,Внедрение новых технологий,7,"Системное мышление, внимание к деталям, ответственность",6,Развивать навыки презентации результатов,3
Сотрудник 129,Петров К..К..,Автоматизация процессов,8,"Проявил инициативу, быстро учился, эффективно решал проблемы",7,Усилить коммуникацию с другими отделами,3
Сотрудник 130,Михайлов В..В..,Улучшение безопасности,5,"Системное мышление, внимание к деталям, ответственность",10,Развивать навыки менторства,3
Сотрудник 131,Волков И..К..,Разработка документации,6,"Организованность, внимательность, стрессоустойчивость",5,Улучшить документацию процессов,2
Сотрудник 132,Михайлов В..С..,Улучшение безопасности,8,"Техническая экспертиза, креативность, самостоятельность",5,Улучшить документацию процессов,3
Сотрудник 133,Волков М..В..,Разработка нового функционала,6,"Организованность, внимательность, стрессоустойчивость",5,Развивать навыки менторства,2
Сотрудник 134,Сидоров В..П..,Улучшение безопасности,6,"Системное мышление, внимание к деталям, ответственность",6,Развивать навыки презентации результатов,2
Сотрудник 135,Иванов В..И..,Оптимизация процессов,7,"Проявил инициативу, быстро учился, эффективно решал проблемы",9,Развивать навыки презентации результатов,3
Сотрудник 136,Иванов С..П..,Улучшение безопасности,5,"Проявил инициативу, быстро учился, эффективно решал проблемы",8,Усилить коммуникацию с командой,3
Сотрудник 137,Иванов К..К..,Миграция системы,9,"Аналитическое мышление, внимательность к рискам",10,Усилить коммуникацию с командой,3
Сотрудник 138,Васильев К..В..,Разработка документации,5,"Аналитическое мышление, внимательность к рискам",7,Улучшить документацию процессов,2
Сотрудник 139,Петров В..В..,Автоматизация процессов,6,"Проявил инициативу, быстро учился, эффективно решал проблемы",6,Развивать навыки менторства,2
Сотрудник 140,Смирнов М..И..,Разработка нового функционала,6,"Техническая экспертиза, креативность, самостоятельность",9,Развивать навыки менторства,3
Сотрудник 141,Смирнов В..М..,Автоматизация процессов,5,"Организованность, внимательность, стрессоустойчивость",7,Улучшить документацию процессов,2
Сотрудник 142,Сидоров М..М..,Оптимизация производительности,9,"Проявил инициативу, быстро учился, эффективно решал проблемы",5,Усилить коммуникацию с командой,3
Сотрудник 143,Петров В..В..,Миграция системы,5,"Системное мышление, внимание к деталям, ответственность",8,Улучшить документацию процессов,3
Сотрудник 144,Волков И..К..,Оптимизация производительности,9,"Организованность, внимательность, стрессоустойчивость",10,Развивать навыки менторства,3
Сотрудник 145,Смирнов С..В..,Оптимизация процессов,6,"Техническая экспертиза, креативность, самостоятельность",7,Усилить коммуникацию с командой,3
Сотрудник 146,Смирнов В..М..,Улучшение безопасности,10,"Техническая экспертиза, креативность, самостоятельность",5,Развивать навыки менторства,3
Сотрудник 147,Михайлов В..С..,Оптимизация процессов,9,"Аналитическое мышление, внимательность к рискам",5,Развивать навыки менторства,3
Сотрудник 148,Смирнов В..И..,Разработка документации,9,"Организованность, внимательность, стрессоустойчивость",10,Развивать навыки менторства,3
Сотрудник 149,Иванов И..И..,Разработка документации,7,"Аналитическое мышление, внимательность к рискам",5,Усилить коммуникацию с командой,2
Сотрудник 150,Михайлов К..К..,Оптимизация процессов,6,"Проявил инициативу, быстро учился, эффективно решал проблемы",10,Усилить коммуникацию с другими отделами,3
Сотрудник 151,Сидоров К..К..,Миграция системы,8,"Организованность, внимательность, стрессоустойчивость",10,Развивать навыки презентации результатов,3
Сотрудник 152,Сидоров М..В..,Оптимизация производительности,10,"Системное мышление, внимание к деталям, ответственность",9,Усилить коммуникацию с командой,3
Сотрудник 153,Сидоров К..П..,Улучшение безопасности,10,"Техническая экспертиза, креативность, самостоятельность",6,Усилить коммуникацию с другими отделами,3
Сотрудник 154,Иванов С..М..,Оптимизация производительности,5,"Системное мышление, внимание к деталям, ответственность",9,Развивать навыки менторства,3
Сотрудник 155,Смирнов П..К..,Миграция системы,10,"Проявил инициативу, быстро учился, эффективно решал проблемы",7,Усилить коммуникацию с командой,3
Сотрудник 156,Козлов И..И..,Внедрение новых технологий,10,"Аналитическое мышление, внимательность к рискам",5,Развивать навыки презентации результатов,3
Сотрудник 157,Михайлов И..С..,Оптимизация производительности,5,"Аналитическое мышление, внимательность к рискам",10,Усилить коммуникацию с другими отделами,3
Сотрудник 158,Сидоров С..К..,Разработка документации,10,"Организованность, внимательность, стрессоустойчивость",7,Усилить коммуникацию с командой,3
Сотрудник 159,Волков В..В..,Улучшение безопасности,6,"Системное мышление, внимание к деталям, ответственность",7,Развивать навыки презентации результатов,3
Сотрудник 160,Сидоров С..С..,Разработка нового функционала,7,"Техническая экспертиза, креативность, самостоятельность",7,Усилить коммуникацию с другими отделами,3
Сотрудник 161,Смирнов К..М..,Оптимизация производительности,5,"Системное мышление, внимание к деталям, ответственность",7,Развивать навыки менторства,2
Сотрудник 162,Смирнов И..И..,Оптимизация процессов,10,"Аналитическое мышление, внимательность к рискам",7,Усилить коммуникацию с другими отделами,3
Сотрудник 163,Козлов М..С..,Улучшение безопасности,9,"Организованность, внимательность, стрессоустойчивость",6,Усилить коммуникацию с другими отделами,3
Сотрудник 164,Васильев П..К..,Оптимизация процессов,8,"Техническая экспертиза, креативность, самостоятельность",8,Улучшить документацию процессов,3
Сотрудник 165,Козлов С..С..,Оптимизация производительности,8,"Аналитическое мышление, внимательность к рискам",10,Развивать навыки презентации результатов,3
Сотрудник 166,Васильев П..П..,Улучшение безопасности,6,"Аналитическое мышление, внимательность к рискам",9,Развивать навыки презентации результатов,3
Сотрудник 167,Смирнов В..С..,Автоматизация процессов,8,"Проявил инициативу, быстро учился, эффективно решал проблемы",5,Усилить коммуникацию с командой,3
Сотрудник 168,Иванов В..К..,Миграция системы,10,"Организованность, внимательность, стрессоустойчивость",10,Развивать навыки менторства,3
Сотрудник 169,Козлов К..С..,Улучшение безопасности,5,"Проявил инициативу, быстро учился, эффективно решал проблемы",7,Усилить коммуникацию с другими отделами,2
Сотрудник 170,Васильев К..С..,Миграция системы,9,"Организованность, внимательность, стрессоустойчивость",9,Усилить коммуникацию с командой,3
Сотрудник 171,Сидоров М..И..,Разработка документации,7,"Проявил инициативу, быстро учился, эффективно решал проблемы",9,Развивать навыки презентации результатов,3
Сотрудник 172,Петров В..В..,Улучшение безопасности,9,"Организованность, внимательность, стрессоустойчивость",7,Развивать навыки презентации результатов,3
Сотрудник 173,Петров С..М..,Разработка документации,6,"Проявил инициативу, быстро учился, эффективно решал проблемы",5,Улучшить документацию процессов,2
Сотрудник 174,Сидоров С..И..,Оптимизация процессов,7,"Проявил инициативу, быстро учился, эффективно решал проблемы",10,Развивать навыки презентации результатов,3
Сотрудник 175,Михайлов П..С..,Разработка нового функционала,9,"Техническая экспертиза, креативность, самостоятельность",8,Усилить коммуникацию с другими отделами,3
Сотрудник 176,Иванов В..М..,Внедрение новых технологий,5,"Проявил инициативу, быстро учился, эффективно решал проблемы",6,Усилить коммуникацию с командой,2
Сотрудник 177,Михайлов С..К..,Разработка нового функционала,8,"Организованность, внимательность, стрессоустойчивость",9,Усилить коммуникацию с другими отделами,3
Сотрудник 178,Смирнов В..В..,Разработка нового функционала,9,"Проявил инициативу, быстро учился, эффективно решал проблемы",9,Развивать навыки презентации результатов,3
Сотрудник 179,Петров С..В..,Улучшение безопасности,10,"Системное мышление, внимание к деталям, ответственность",10,Усилить коммуникацию с командой,3
Сотрудник 180,Михайлов В..К..,Улучшение безопасности,7,"Проявил инициативу, быстро учился, эффективно решал проблемы",9,Развивать навыки презентации результатов,3
Сотрудник 181,Смирнов С..С..,Автоматизация процессов,8,"Аналитическое мышление, внимательность к рискам",10,Развивать навыки менторства,3
Сотрудник 182,Васильев М..М..,Автоматизация процессов,10,"Организованность, внимательность, стрессоустойчивость",9,Развивать навыки менторства,3
Сотрудник 183,Смирнов П..К..,Разработка документации,9,"Организованность, внимательность, стрессоустойчивость",6,Развивать навыки презентации результатов,3
Сотрудник 184,Иванов К..В..,Разработка документации,7,"Организованность, внимательность, стрессоустойчивость",6,Усилить коммуникацию с другими отделами,3
Сотрудник 185,Смирнов П..В..,Разработка документации,9,"Системное мышление, внимание к деталям, ответственность",8,Развивать навыки презентации результатов,3
Сотрудник 186,Волков В..В..,Оптимизация производительности,8,"Аналитическое мышление, внимательность к рискам",5,Улучшить документацию процессов,3
Сотрудник 187,Петров И..В..,Автоматизация процессов,6,"Организованность, внимательность, стрессоустойчивость",9,Развивать навыки презентации результатов,3
Сотрудник 188,Михайлов С..В..,Оптимизация процессов,9,"Организованность, внимательность, стрессоустойчивость",6,Усилить коммуникацию с командой,3
Сотрудник 189,Волков В..В..,Автоматизация процессов,5,"Техническая экспертиза, креативность, самостоятельность",10,Развивать навыки презентации результатов,3
Сотрудник 190,Петров В..П..,Оптимизация процессов,7,"Аналитическое мышление, внимательность к рискам",6,Усилить коммуникацию с командой,3
Сотрудник 191,Козлов М..М..,Разработка документации,5,"Техническая экспертиза, креативность, самостоятельность",8,Усилить коммуникацию с командой,3
Сотрудник 192,Васильев П..И..,Оптимизация производительности,8,"Системное мышление, внимание к деталям, ответственность",8,Усилить коммуникацию с командой,3
Сотрудник 193,Козлов П..И..,Разработка документации,6,"Техническая экспертиза, креативность, самостоятельность",8,Развивать навыки менторства,3
Сотрудник 194,Васильев В..С..,Оптимизация производительности,7,"Организованность, внимательность, стрессоустойчивость",7,Усилить коммуникацию с командой,3
Сотрудник 195,Волков В..К..,Улучшение безопасности,9,"Системное мышление, внимание к деталям, ответственность",5,Усилить коммуникацию с другими отделами,3
Сотрудник 196,Козлов И..К..,Миграция системы,9,"Техническая экспертиза, креативность, самостоятельность",7,Усилить коммуникацию с командой,3
Сотрудник 197,Васильев П..И..,Улучшение безопасности,9,"Системное мышление, внимание к деталям, ответственность",5,Улучшить документацию процессов,3
Сотрудник 198,Михайлов В..В..,Оптимизация производительности,9,"Аналитическое мышление, внимательность к рискам",6,Усилить коммуникацию с другими отделами,3
Сотрудник 199,Иванов И..В..,Разработка документации,9,"Системное мышление, внимание к деталям, ответственность",9,Улучшить документацию процессов,3
Сотрудник 200,Михайлов К..С..,Внедрение новых технологий,9,"Техническая экспертиза, креативность, самостоятельность",9,Развивать навыки менторства,3
Сотрудник 201,Волков П..В..,Разработка документации,5,"Системное мышление, внимание к деталям, ответственность",6,Развивать навыки презентации результатов,2
Сотрудник 202,Иванов М..С..,Автоматизация процессов,9,"Техническая экспертиза, креативность, самостоятельность",5,Улучшить документацию процессов,3
Сотрудник 203,Петров П..С..,Улучшение безопасности,8,"Системное мышление, внимание к деталям, ответственность",8,Развивать навыки презентации результатов,3
Сотрудник 204,Иванов К..С..,Разработка нового функционала,8,"Организованность, внимательность, стрессоустойчивость",5,Улучшить документацию процессов,3
Сотрудник 205,Козлов С..К..,Оптимизация производительности,9,"Аналитическое мышление, внимательность к рискам",6,Улучшить документацию процессов,3
Сотрудник 206,Смирнов И..И..,Оптимизация производительности,7,"Системное мышление, внимание к деталям, ответственность",8,Развивать навыки менторства,3
Сотрудник 207,Волков С..М..,Внедрение новых технологий,6,"Аналитическое мышление, внимательность к рискам",8,Усилить коммуникацию с командой,3
Сотрудник 208,Козлов В..И..,Улучшение безопасности,7,"Техническая экспертиза, креативность, самостоятельность",10,Развивать навыки менторства,3
Сотрудник 209,Волков М..К..,Оптимизация процессов,7,"Организованность, внимательность, стрессоустойчивость",5,Усилить коммуникацию с другими отделами,2
Сотрудник 210,Козлов П..М..,Автоматизация процессов,8,"Системное мышление, внимание к деталям, ответственность",8,Развивать навыки менторства,3
Сотрудник 211,Петров И..К..,Разработка документации,8,"Техническая экспертиза, креативность, самостоятельность",5,Развивать навыки менторства,3
Сотрудник 212,Васильев С..С..,Разработка нового функционала,6,"Техническая экспертиза, креативность, самостоятельность",5,Развивать навыки менторства,2
Сотрудник 213,Васильев К..С..,Оптимизация производительности,8,"Аналитическое мышление, внимательность к рискам",10,Улучшить документацию процессов,3
Сотрудник 214,Смирнов П..С..,Автоматизация процессов,5,"Организованность, внимательность, стрессоустойчивость",7,Усилить коммуникацию с другими отделами,2
Сотрудник 215,Васильев К..П..,Улучшение безопасности,6,"Аналитическое мышление, внимательность к рискам",8,Улучшить документацию процессов,3
Сотрудник 216,Смирнов П..К..,Разработка нового функционала,8,"Аналитическое мышление, внимательность к рискам",5,Развивать навыки презентации результатов,3
Сотрудник 217,Волков В..В..,Оптимизация процессов,7,"Техническая экспертиза, креативность, самостоятельность",9,Развивать навыки менторства,3
Сотрудник 218,Сидоров М..В..,Улучшение безопасности,10,"Системное мышление, внимание к деталям, ответственность",7,Усилить коммуникацию с другими отделами,3
Сотрудник 219,Козлов В..В..,Оптимизация производительности,6,"Проявил инициативу, быстро учился, эффективно решал проблемы",9,Улучшить документацию процессов,3
Сотрудник 220,Волков В..К..,Разработка нового функционала,7,"Системное мышление, внимание к деталям, ответственность",8,Улучшить документацию процессов,3
Сотрудник 221,Волков П..К..,Внедрение новых технологий,7,"Организованность, внимательность, стрессоустойчивость",9,Улучшить документацию процессов,3
Сотрудник 222,Васильев С..К..,Разработка нового функционала,9,"Аналитическое мышление, внимательность к рискам",5,Улучшить документацию процессов,3
Сотрудник 223,Смирнов В..М..,Оптимизация процессов,8,"Организованность, внимательность, стрессоустойчивость",8,Улучшить документацию процессов,3
Сотрудник 224,Смирнов П..М..,Автоматизация процессов,9,"Аналитическое мышление, внимательность к рискам",6,Развивать навыки менторства,3
Сотрудник 225,Смирнов К..М..,Разработка документации,9,"Проявил инициативу, быстро учился, эффективно решал проблемы",5,Улучшить документацию процессов,3
Сотрудник 226,Васильев В..В..,Автоматизация процессов,6,"Организованность, внимательность, стрессоустойчивость",5,Усилить коммуникацию с другими отделами,2
Сотрудник 227,Иванов В..М..,Разработка документации,5,"Техническая экспертиза, креативность, самостоятельность",9,Усилить коммуникацию с другими отделами,3
Сотрудник 228,Михайлов М..В..,Улучшение безопасности,8,"Организованность, внимательность, стрессоустойчивость",6,Развивать навыки менторства,3
Сотрудник 229,Петров К..С..,Улучшение безопасности,7,"Системное мышление, внимание к деталям, ответственность",5,Усилить коммуникацию с другими отделами,2
Сотрудник 230,Волков П..П..,Миграция системы,7,"Проявил инициативу, быстро учился, эффективно решал проблемы",6,Развивать навыки презентации результатов,3
Сотрудник 231,Сидоров М..И..,Оптимизация процессов,6,"Техническая экспертиза, креативность, самостоятельность",10,Усилить коммуникацию с другими отделами,3
Сотрудник 232,Сидоров И..С..,Разработка нового функционала,8,"Системное мышление, внимание к деталям, ответственность",5,Развивать навыки презентации результатов,3
Сотрудник 233,Сидоров К..В..,Разработка нового функционала,7,"Аналитическое мышление, внимательность к рискам",9,Усилить коммуникацию с командой,3
Сотрудник 234,Михайлов В..П..,Оптимизация процессов,9,"Техническая экспертиза, креативность, самостоятельность",6,Улучшить документацию процессов,3
Сотрудник 235,Смирнов П..М..,Оптимизация процессов,8,"Системное мышление, внимание к деталям, ответственность",9,Развивать навыки менторства,3
Сотрудник 236,Смирнов К..В..,Автоматизация процессов,7,"Организованность, внимательность, стрессоустойчивость",10,Усилить коммуникацию с командой,3
Сотрудник 237,Петров В..С..,Автоматизация процессов,5,"Проявил инициативу, быстро учился, эффективно решал проблемы",9,Улучшить документацию процессов,3
Сотрудник 238,Иванов М..К..,Оптимизация процессов,6,"Проявил инициативу, быстро учился, эффективно решал проблемы",10,Развивать навыки презентации результатов,3
Сотрудник 239,Петров С..С..,Автоматизация процессов,9,"Проявил инициативу, быстро учился, эффективно решал проблемы",6,Развивать навыки презентации результатов,3
Сотрудник 240,Михайлов И..М..,Разработка нового функционала,10,"Системное мышление, внимание к деталям, ответственность",9,Усилить коммуникацию с другими отделами,3
Сотрудник 241,Козлов С..П..,Автоматизация процессов,10,"Организованность, внимательность, стрессоустойчивость",6,Развивать навыки менторства,3
Сотрудник 242,Иванов И..В..,Миграция системы,10,"Системное мышление, внимание к деталям, ответственность",5,Улучшить документацию процессов,3
Сотрудник 243,Васильев П..И..,Автоматизация процессов,5,"Системное мышление, внимание к деталям, ответственность",5,Усилить коммуникацию с другими отделами,2
Сотрудник 244,Сидоров И..М..,Оптимизация процессов,8,"Проявил инициативу, быстро учился, эффективно решал проблемы",5,Развивать навыки менторства,3
Сотрудник 245,Волков И..И..,Автоматизация процессов,10,"Организованность, внимательность, стрессоустойчивость",10,Развивать навыки менторства,3
Сотрудник 246,Волков П..П..,Оптимизация производительности,6,"Проявил инициативу, быстро учился, эффективно решал проблемы",10,Улучшить документацию процессов,3
Сотрудник 247,Сидоров И..В..,Разработка нового функционала,7,"Проявил инициативу, быстро учился, эффективно решал проблемы",8,Улучшить документацию процессов,3
Сотрудник 248,Сидоров В..В..,Разработка документации,6,"Системное мышление, внимание к деталям, ответственность",7,Развивать навыки презентации результатов,3
Сотрудник 249,Васильев М..И..,Автоматизация процессов,8,"Системное мышление, внимание к деталям, ответственность",5,Усилить коммуникацию с командой,3
Сотрудник 250,Волков В..С..,Разработка нового функционала,9,"Техническая экспертиза, креативность, самостоятельность",5,Развивать навыки презентации результатов,3
Сотрудник 251,Васильев В..С..,Разработка нового функционала,9,"Системное мышление, внимание к деталям, ответственность",6,Развивать навыки менторства,3
Сотрудник 252,Васильев В..С..,Оптимизация процессов,8,"Организованность, внимательность, стрессоустойчивость",7,Развивать навыки презентации результатов,3
Сотрудник 253,Смирнов М..П..,Автоматизация процессов,10,"Техническая экспертиза, креативность, самостоятельность",7,Развивать навыки менторства,3
Сотрудник 254,Смирнов М..П..,Улучшение безопасности,7,"Техническая экспертиза, креативность, самостоятельность",6,Усилить коммуникацию с другими отделами,3
Сотрудник 255,Волков К..В..,Миграция системы,9,"Аналитическое мышление, внимательность к рискам",9,Развивать навыки презентации результатов,3
Сотрудник 256,Петров В..К..,Оптимизация процессов,8,"Проявил инициативу, быстро учился, эффективно решал проблемы",9,Развивать навыки презентации результатов,3
Сотрудник 257,Васильев И..М..,Разработка нового функционала,10,"Организованность, внимательность, стрессоустойчивость",6,Усилить коммуникацию с командой,3
Сотрудник 258,Волков И..В..,Оптимизация производительности,7,"Техническая экспертиза, креативность, самостоятельность",9,Улучшить документацию процессов,3
Сотрудник 259,Иванов П..И..,Разработка нового функционала,10,"Техническая экспертиза, креативность, самостоятельность",8,Усилить коммуникацию с командой,3
Сотрудник 260,Сидоров В..П..,Разработка документации,7,"Организованность, внимательность, стрессоустойчивость",10,Усилить коммуникацию с командой,3
Сотрудник 261,Сидоров И..К..,Оптимизация производительности,6,"Проявил инициативу, быстро учился, эффективно решал проблемы",7,Усилить коммуникацию с командой,3
Сотрудник 262,Смирнов С..В..,Улучшение безопасности,6,"Проявил инициативу, быстро учился, эффективно решал проблемы",5,Усилить коммуникацию с другими отделами,2
Сотрудник 263,Смирнов С..В..,Миграция системы,8,"Техническая экспертиза, креативность, самостоятельность",6,Усилить коммуникацию с командой,3
Сотрудник 264,Петров К..К..,Автоматизация процессов,9,"Техническая экспертиза, креативность, самостоятельность",8,Усилить коммуникацию с другими отделами,3
Сотрудник 265,Михайлов С..С..,Улучшение безопасности,10,"Организованность, внимательность, стрессоустойчивость",9,Развивать навыки презентации результатов,3
Сотрудник 266,Иванов К..В..,Улучшение безопасности,7,"Техническая экспертиза, креативность, самостоятельность",9,Развивать навыки презентации результатов,3
Сотрудник 267,Смирнов С..С..,Улучшение безопасности,5,"Системное мышление, внимание к деталям, ответственность",7,Улучшить документацию процессов,2
Сотрудник 268,Козлов С..В..,Разработка документации,8,"Аналитическое мышление, внимательность к рискам",8,Развивать навыки презентации результатов,3
Сотрудник 269,Сидоров В..К..,Разработка документации,9,"Техническая экспертиза, креативность, самостоятельность",10,Развивать навыки презентации результатов,3
Сотрудник 270,Иванов И..П..,Оптимизация процессов,9,"Техническая экспертиза, креативность, самостоятельность",6,Развивать навыки менторства,3
Сотрудник 271,Иванов П..С..,Улучшение безопасности,5,"Системное мышление, внимание к деталям, ответственность",7,Развивать навыки менторства,2
Сотрудник 272,Михайлов П..П..,Автоматизация процессов,7,"Техническая экспертиза, креативность, самостоятельность",8,Развивать навыки презентации результатов,3
Сотрудник 273,Сидоров П..С..,Миграция системы,6,"Проявил инициативу, быстро учился, эффективно решал проблемы",9,Развивать навыки менторства,3
Сотрудник 274,Смирнов С..С..,Улучшение безопасности,5,"Системное мышление, внимание к деталям, ответственность",10,Усилить коммуникацию с командой,3
Сотрудник 275,Козлов С..С..,Оптимизация производительности,6,"Аналитическое мышление, внимательность к рискам",10,Усилить коммуникацию с другими отделами,3
Сотрудник 276,Михайлов С..С..,Внедрение новых технологий,10,"Аналитическое мышление, внимательность к рискам",5,Усилить коммуникацию с командой,3
Сотрудник 277,Смирнов В..М..,Оптимизация процессов,5,"Системное мышление, внимание к деталям, ответственность",5,Развивать навыки презентации результатов,2
Сотрудник 278,Смирнов С..К..,Разработка документации,6,"Проявил инициативу, быстро учился, эффективно решал проблемы",8,Усилить коммуникацию с другими отделами,3
Сотрудник 279,Васильев С..С..,Разработка документации,6,"Системное мышление, внимание к деталям, ответственность",8,Улучшить документацию процессов,3
Сотрудник 280,Иванов М..В..,Разработка документации,7,"Системное мышление, внимание к деталям, ответственность",8,Развивать навыки менторства,3
Сотрудник 281,Михайлов К..В..,Миграция системы,5,"Системное мышление, внимание к деталям, ответственность",5,Усилить коммуникацию с командой,2
Сотрудник 282,Волков И..С..,Внедрение новых технологий,5,"Организованность, внимательность, стрессоустойчивость",8,Улучшить документацию процессов,3
Сотрудник 283,Смирнов В..В..,Оптимизация процессов,7,"Аналитическое мышление, внимательность к рискам",6,Усилить коммуникацию с другими отделами,3
Сотрудник 284,Волков М..И..,Оптимизация производительности,7,"Аналитическое мышление, внимательность к рискам",7,Развивать навыки менторства,3
Сотрудник 285,Васильев П..М..,Миграция системы,9,"Проявил инициативу, быстро учился, эффективно решал проблемы",6,Развивать навыки презентации результатов,3
Сотрудник 286,Сидоров В..М..,Автоматизация процессов,8,"Организованность, внимательность, стрессоустойчивость",8,Развивать навыки презентации результатов,3
Сотрудник 287,Васильев С..В..,Оптимизация процессов,9,"Системное мышление, внимание к деталям, ответственность",5,Усилить коммуникацию с командой,3
Сотрудник 288,Козлов В..С..,Оптимизация производительности,5,"Аналитическое мышление, внимательность к рискам",6,Усилить коммуникацию с командой,2
Сотрудник 289,Волков В..М..,Автоматизация процессов,5,"Техническая экспертиза, креативность, самостоятельность",7,Развивать навыки презентации результатов,2
Сотрудник 290,Иванов М..В..,Автоматизация процессов,9,"Проявил инициативу, быстро учился, эффективно решал проблемы",9,Улучшить документацию процессов,3
Сотрудник 291,Васильев С..В..,Миграция системы,7,"Системное мышление, внимание к деталям, ответственность",8,Усилить коммуникацию с командой,3
Сотрудник 292,Петров С..С..,Автоматизация процессов,10,"Проявил инициативу, быстро учился, эффективно решал проблемы",7,Усилить коммуникацию с командой,3
Сотрудник 293,Михайлов С..В..,Миграция системы,9,"Аналитическое мышление, внимательность к рискам",5,Развивать навыки менторства,3
Сотрудник 294,Васильев В..П..,Оптимизация процессов,7,"Техническая экспертиза, креативность, самостоятельность",6,Развивать навыки презентации результатов,3
Сотрудник 295,Михайлов К..К..,Миграция системы,5,"Организованность, внимательность, стрессоустойчивость",10,Развивать навыки презентации результатов,3
Сотрудник 296,Петров С..С..,Миграция системы,5,"Аналитическое мышление, внимательность к рискам",5,Улучшить документацию процессов,2
Сотрудник 297,Петров В..С..,Оптимизация процессов,10,"Организованность, внимательность, стрессоустойчивость",9,Улучшить документацию процессов,3
Сотрудник 298,Михайлов П..В..,Разработка документации,5,"Аналитическое мышление, внимательность к рискам",10,Усилить коммуникацию с другими отделами,3
Сотрудник 299,Козлов В..В..,Разработка документации,7,"Проявил инициативу, быстро учился, эффективно решал проблемы",8,Улучшить документацию процессов,3
Сотрудник 300,Волков К..И..,Оптимизация производительности,6,"Техническая экспертиза, креативность, самостоятельность",10,Развивать навыки презентации результатов,3
Сотрудник 301,Васильев И..К..,Автоматизация процессов,10,"Системное мышление, внимание к деталям, ответственность",6,Усилить коммуникацию с командой,3
Сотрудник 302,Васильев К..С..,Разработка нового функционала,10,"Организованность, внимательность, стрессоустойчивость",7,Улучшить документацию процессов,3
Сотрудник 303,Козлов С..В..,Оптимизация процессов,7,"Организованность, внимательность, стрессоустойчивость",6,Развивать навыки презентации результатов,3
Сотрудник 304,Смирнов К..М..,Оптимизация производительности,7,"Организованность, внимательность, стрессоустойчивость",8,Улучшить документацию процессов,3
Сотрудник 305,Сидоров В..И..,Внедрение новых технологий,7,"Аналитическое мышление, внимательность к рискам",7,Усилить коммуникацию с другими отделами,3
Сотрудник 306,Иванов И..И..,Разработка документации,9,"Аналитическое мышление, внимательность к рискам",8,Усилить коммуникацию с другими отделами,3
Сотрудник 307,Сидоров С..П..,Автоматизация процессов,8,"Организованность, внимательность, стрессоустойчивость",9,Развивать навыки менторства,3
Сотрудник 308,Петров С..В..,Разработка документации,5,"Системное мышление, внимание к деталям, ответственность",7,Развивать навыки менторства,2
Сотрудник 309,Смирнов В..С..,Разработка нового функционала,7,"Системное мышление, внимание к деталям, ответственность",10,Развивать навыки менторства,3
Сотрудник 310,Козлов С..П..,Автоматизация процессов,7,"Организованность, внимательность, стрессоустойчивость",10,Усилить коммуникацию с командой,3
Сотрудник 311,Иванов В..С..,Автоматизация процессов,8,"Системное мышление, внимание к деталям, ответственность",7,Улучшить документацию процессов,3
Сотрудник 312,Смирнов И..В..,Разработка документации,9,"Организованность, внимательность, стрессоустойчивость",10,Развивать навыки презентации результатов,3
Сотрудник 313,Иванов К..С..,Миграция системы,6,"Проявил инициативу, быстро учился, эффективно решал проблемы",5,Развивать навыки презентации результатов,2
Сотрудник 314,Васильев П..П..,Разработка нового функционала,10,"Техническая экспертиза, креативность, самостоятельность",6,Усилить коммуникацию с другими отделами,3
Сотрудник 315,Васильев М..П..,Оптимизация процессов,8,"Организованность, внимательность, стрессоустойчивость",8,Улучшить документацию процессов,3
Сотрудник 316,Михайлов И..П..,Внедрение новых технологий,8,"Организованность, внимательность, стрессоустойчивость",5,Развивать навыки менторства,3
Сотрудник 317,Смирнов К..В..,Внедрение новых технологий,10,"Аналитическое мышление, внимательность к рискам",5,Усилить коммуникацию с другими отделами,3
Сотрудник 318,Козлов М..И..,Разработка нового функционала,9,"Организованность, внимательность, стрессоустойчивость",8,Усилить коммуникацию с другими отделами,3
Сотрудник 319,Иванов П..С..,Оптимизация производительности,5,"Техническая экспертиза, креативность, самостоятельность",9,Усилить коммуникацию с другими отделами,3
Сотрудник 320,Петров С..М..,Автоматизация процессов,10,"Системное мышление, внимание к деталям, ответственность",6,Развивать навыки презентации результатов,3
Сотрудник 321,Михайлов В..В..,Улучшение безопасности,7,"Проявил инициативу, быстро учился, эффективно решал проблемы",5,Усилить коммуникацию с командой,2
Сотрудник 322,Козлов К..С..,Миграция системы,7,"Проявил инициативу, быстро учился, эффективно решал проблемы",6,Развивать навыки презентации результатов,3
Сотрудник 323,Михайлов М..И..,Автоматизация процессов,5,"Проявил инициативу, быстро учился, эффективно решал проблемы",9,Улучшить документацию процессов,3
Сотрудник 324,Козлов С..П..,Улучшение безопасности,10,"Организованность, внимательность, стрессоустойчивость",6,Усилить коммуникацию с другими отделами,3
Сотрудник 325,Сидоров К..М..,Автоматизация процессов,7,"Проявил инициативу, быстро учился, эффективно решал проблемы",9,Развивать навыки менторства,3
Сотрудник 326,Петров П..М..,Автоматизация процессов,8,"Проявил инициативу, быстро учился, эффективно решал проблемы",7,Усилить коммуникацию с командой,3
Сотрудник 327,Сидоров С..С..,Оптимизация процессов,7,"Системное мышление, внимание к деталям, ответственность",8,Развивать навыки презентации результатов,3
Сотрудник 328,Смирнов П..С..,Автоматизация процессов,9,"Организованность, внимательность, стрессоустойчивость",9,Усилить коммуникацию с другими отделами,3
Сотрудник 329,Смирнов С..С..,Автоматизация процессов,5,"Организованность, внимательность, стрессоустойчивость",5,Развивать навыки презентации результатов,2
Сотрудник 330,Петров К..М..,Автоматизация процессов,6,"Проявил инициативу, быстро учился, эффективно решал проблемы",7,Улучшить документацию процессов,3
Сотрудник 331,Волков В..С..,Разработка нового функционала,5,"Организованность, внимательность, стрессоустойчивость",7,Улучшить документацию процессов,2
Сотрудник 332,Михайлов В..В..,Разработка нового функционала,10,"Системное мышление, внимание к деталям, ответственность",10,Развивать навыки менторства,3
Сотрудник 333,Смирнов В..К..,Разработка документации,5,"Аналитическое мышление, внимательность к рискам",9,Улучшить документацию процессов,3
Сотрудник 334,Сидоров С..В..,Оптимизация процессов,7,"Аналитическое мышление, внимательность к рискам",5,Улучшить документацию процессов,2
Сотрудник 335,Смирнов В..С..,Миграция системы,5,"Проявил инициативу, быстро учился, эффективно решал проблемы",5,Развивать навыки презентации результатов,2
Сотрудник 336,Васильев И..П..,Миграция системы,6,"Организованность, внимательность, стрессоустойчивость",8,Усилить коммуникацию с другими отделами,3
Сотрудник 337,Васильев В..И..,Автоматизация процессов,5,"Аналитическое мышление, внимательность к рискам",5,Улучшить документацию процессов,2
Сотрудник 338,Петров С..В..,Разработка нового функционала,8,"Организованность, внимательность, стрессоустойчивость",7,Развивать навыки презентации результатов,3
Сотрудник 339,Волков В..С..,Внедрение новых технологий,10,"Техническая экспертиза, креативность, самостоятельность",5,Развивать навыки презентации результатов,3
Сотрудник 340,Волков В..М..,Улучшение безопасности,7,"Проявил инициативу, быстро учился, эффективно решал проблемы",9,Усилить коммуникацию с командой,3
Сотрудник 341,Михайлов И..С..,Разработка нового функционала,8,"Системное мышление, внимание к деталям, ответственность",7,Развивать навыки презентации результатов,3
Сотрудник 342,Михайлов М..И..,Автоматизация процессов,5,"Системное мышление, внимание к деталям, ответственность",8,Развивать навыки менторства,3
Сотрудник 343,Козлов В..С..,Внедрение новых технологий,5,"Организованность, внимательность, стрессоустойчивость",7,Усилить коммуникацию с командой,2
Сотрудник 344,Петров М..М..,Миграция системы,9,"Организованность, внимательность, стрессоустойчивость",7,Усилить коммуникацию с командой,3
Сотрудник 345,Васильев С..В..,Оптимизация производительности,5,"Проявил инициативу, быстро учился, эффективно решал проблемы",8,Усилить коммуникацию с другими отделами,3
Сотрудник 346,Волков П..В..,Улучшение безопасности,10,"Техническая экспертиза, креативность, самостоятельность",6,Усилить коммуникацию с командой,3
Сотрудник 347,Смирнов М..С..,Разработка документации,10,"Техническая экспертиза, креативность, самостоятельность",10,Улучшить документацию процессов,3
Сотрудник 348,Смирнов П..В..,Оптимизация процессов,8,"Системное мышление, внимание к деталям, ответственность",10,Усилить коммуникацию с другими отделами,3
Сотрудник 349,Смирнов К..К..,Внедрение новых технологий,6,"Проявил инициативу, быстро учился, эффективно решал проблемы",9,Улучшить документацию процессов,3
Сотрудник 350,Петров П..М..,Разработка нового функционала,6,"Техническая экспертиза, креативность, самостоятельность",7,Развивать навыки менторства,3
Сотрудник 351,Михайлов И..С..,Разработка документации,7,"Техническая экспертиза, креативность, самостоятельность",7,Усилить коммуникацию с командой,3
Сотрудник 352,Смирнов В..М..,Внедрение новых технологий,5,"Аналитическое мышление, внимательность к рискам",10,Улучшить документацию процессов,3
Сотрудник 353,Волков В..В..,Улучшение безопасности,8,"Организованность, внимательность, стрессоустойчивость",10,Усилить коммуникацию с командой,3
Сотрудник 354,Волков П..П..,Автоматизация процессов,8,"Системное мышление, внимание к деталям, ответственность",6,Усилить коммуникацию с другими отделами,3
Сотрудник 355,Волков К..С..,Автоматизация процессов,8,"Системное мышление, внимание к деталям, ответственность",6,Усилить коммуникацию с другими отделами,3
Сотрудник 356,Смирнов М..И..,Разработка документации,8,"Организованность, внимательность, стрессоустойчивость",10,Развивать навыки презентации результатов,3
Сотрудник 357,Иванов М..М..,Улучшение безопасности,7,"Аналитическое мышление, внимательность к рискам",8,Усилить коммуникацию с другими отделами,3
Сотрудник 358,Васильев К..К..,Разработка документации,8,"Системное мышление, внимание к деталям, ответственность",10,Улучшить документацию процессов,3
Сотрудник 359,Петров В..В..,Улучшение безопасности,8,"Техническая экспертиза, креативность, самостоятельность",5,Улучшить документацию процессов,3
Сотрудник 360,Петров М..И..,Улучшение безопасности,10,"Аналитическое мышление, внимательность к рискам",7,Усилить коммуникацию с другими отделами,3
Сотрудник 361,Иванов И..К..,Оптимизация процессов,6,"Проявил инициативу, быстро учился, эффективно решал проблемы",9,Развивать навыки презентации результатов,3
Сотрудник 362,Козлов С..С..,Разработка нового функционала,5,"Проявил инициативу, быстро учился, эффективно решал проблемы",9,Улучшить документацию процессов,3
Сотрудник 363,Козлов П..П..,Разработка нового функционала,7,"Аналитическое мышление, внимательность к рискам",5,Развивать навыки менторства,2
Сотрудник 364,Иванов К..И..,Внедрение новых технологий,10,"Аналитическое мышление, внимательность к рискам",10,Усилить коммуникацию с другими отделами,3
Сотрудник 365,Сидоров В..М..,Оптимизация производительности,8,"Организованность, внимательность, стрессоустойчивость",8,Развивать навыки менторства,3
Сотрудник 366,Сидоров К..С..,Миграция системы,8,"Организованность, внимательность, стрессоустойчивость",8,Усилить коммуникацию с командой,3
Сотрудник 367,Иванов С..И..,Улучшение безопасности,8,"Организованность, внимательность, стрессоустойчивость",6,Развивать навыки презентации результатов,3
Сотрудник 368,Иванов К..В..,Разработка документации,7,"Проявил инициативу, быстро учился, эффективно решал проблемы",5,Улучшить документацию процессов,2
Сотрудник 369,Волков К..С..,Улучшение безопасности,10,"Техническая экспертиза, креативность, самостоятельность",6,Развивать навыки презентации результатов,3
Сотрудник 370,Васильев И..С..,Автоматизация процессов,8,"Аналитическое мышление, внимательность к рискам",5,Усилить коммуникацию с командой,3
Сотрудник 371,Петров И..И..,Автоматизация процессов,5,"Проявил инициативу, быстро учился, эффективно решал проблемы",5,Развивать навыки менторства,2
Сотрудник 372,Иванов С..П..,Автоматизация процессов,9,"Техническая экспертиза, креативность, самостоятельность",9,Усилить коммуникацию с другими отделами,3
Сотрудник 373,Волков П..И..,Разработка документации,10,"Аналитическое мышление, внимательность к рискам",7,Улучшить документацию процессов,3
Сотрудник 374,Волков И..В..,Разработка документации,6,"Техническая экспертиза, креативность, самостоятельность",9,Усилить коммуникацию с командой,3
Сотрудник 375,Михайлов К..К..,Внедрение новых технологий,6,"Техническая экспертиза, креативность, самостоятельность",6,Улучшить документацию процессов,2
Сотрудник 376,Иванов М..П..,Оптимизация производительности,9,"Системное мышление, внимание к деталям, ответственность",7,Развивать навыки презентации результатов,3
Сотрудник 377,Васильев П..С..,Внедрение новых технологий,7,"Техническая экспертиза, креативность, самостоятельность",6,Улучшить документацию процессов,3
Сотрудник 378,Волков П..К..,Оптимизация процессов,10,"Проявил инициативу, быстро учился, эффективно решал проблемы",6,Усилить коммуникацию с другими отделами,3
Сотрудник 379,Смирнов В..П..,Автоматизация процессов,9,"Аналитическое мышление, внимательность к рискам",10,Развивать навыки менторства,3
Сотрудник 380,Васильев С..В..,Оптимизация производительности,6,"Техническая экспертиза, креативность, самостоятельность",8,Улучшить документацию процессов,3
Сотрудник 381,Смирнов С..П..,Оптимизация производительности,7,"Организованность, внимательность, стрессоустойчивость",9,Усилить коммуникацию с командой,3
Сотрудник 382,Петров И..В..,Улучшение безопасности,8,"Проявил инициативу, быстро учился, эффективно решал проблемы",7,Усилить коммуникацию с командой,3
Сотрудник 383,Сидоров П..В..,Внедрение новых технологий,9,"Организованность, внимательность, стрессоустойчивость",5,Усилить коммуникацию с командой,3
Сотрудник 384,Васильев С..С..,Внедрение новых технологий,9,"Проявил инициативу, быстро учился, эффективно решал проблемы",9,Улучшить документацию процессов,3
Сотрудник 385,Васильев М..С..,Миграция системы,7,"Аналитическое мышление, внимательность к рискам",10,Усилить коммуникацию с командой,3
Сотрудник 386,Васильев В..П..,Автоматизация процессов,5,"Проявил инициативу, быстро учился, эффективно решал проблемы",9,Развивать навыки менторства,3
Сотрудник 387,Козлов М..С..,Автоматизация процессов,10,"Проявил инициативу, быстро учился, эффективно решал проблемы",9,Усилить коммуникацию с командой,3
Сотрудник 388,Сидоров С..В..,Миграция системы,5,"Техническая экспертиза, креативность, самостоятельность",8,Усилить коммуникацию с другими отделами,3
Сотрудник 389,Иванов В..В..,Внедрение новых технологий,9,"Системное мышление, внимание к деталям, ответственность",10,Улучшить документацию процессов,3
Сотрудник 390,Волков С..П..,Автоматизация процессов,10,"Системное мышление, внимание к деталям, ответственность",10,Развивать навыки менторства,3
Сотрудник 391,Смирнов И..С..,Внедрение новых технологий,5,"Аналитическое мышление, внимательность к рискам",8,Усилить коммуникацию с командой,3
Сотрудник 392,Михайлов С..С..,Улучшение безопасности,7,"Системное мышление, внимание к деталям, ответственность",7,Усилить коммуникацию с другими отделами,3
Сотрудник 393,Иванов М..С..,Улучшение безопасности,10,"Организованность, внимательность, стрессоустойчивость",9,Развивать навыки презентации результатов,3
Сотрудник 394,Иванов П..В..,Внедрение новых технологий,10,"Системное мышление, внимание к деталям, ответственность",8,Улучшить документацию процессов,3
Сотрудник 395,Смирнов В..К..,Оптимизация процессов,5,"Организованность, внимательность, стрессоустойчивость",10,Усилить коммуникацию с другими отделами,3
Сотрудник 396,Иванов С..В..,Внедрение новых технологий,5,"Техническая экспертиза, креативность, самостоятельность",9,Усилить коммуникацию с другими отделами,3
Сотрудник 397,Петров С..М..,Оптимизация процессов,7,"Проявил инициативу, быстро учился, эффективно решал проблемы",6,Усилить коммуникацию с командой,3
Сотрудник 398,Сидоров М..В..,Разработка нового функционала,7,"Проявил инициативу, быстро учился, эффективно решал проблемы",6,Усилить коммуникацию с другими отделами,3
Сотрудник 399,Иванов К..В..,Улучшение безопасности,6,"Организованность, внимательность, стрессоустойчивость",7,Улучшить документацию процессов,3
Сотрудник 400,Козлов П..К..,Миграция системы,7,"Техническая экспертиза, креативность, самостоятельность",5,Улучшить документацию процессов,2
Сотрудник 401,Иванов П..С..,Миграция системы,5,"Системное мышление, внимание к деталям, ответственность",5,Улучшить документацию процессов,2
Сотрудник 402,Сидоров В..С..,Оптимизация производительности,5,"Системное мышление, внимание к деталям, ответственность",7,Развивать навыки презентации результатов,2
Сотрудник 403,Волков В..К..,Автоматизация процессов,5,"Техническая экспертиза, креативность, самостоятельность",6,Усилить коммуникацию с командой,2
Сотрудник 404,Волков П..С..,Автоматизация процессов,10,"Системное мышление, внимание к деталям, ответственность",8,Развивать навыки презентации результатов,3
Сотрудник 405,Иванов С..В..,Улучшение безопасности,5,"Проявил инициативу, быстро учился, эффективно решал проблемы",6,Развивать навыки менторства,2
Сотрудник 406,Сидоров П..И..,Разработка документации,7,"Проявил инициативу, быстро учился, эффективно решал проблемы",5,Развивать навыки презентации результатов,2
Сотрудник 407,Михайлов В..С..,Внедрение новых технологий,6,"Системное мышление, внимание к деталям, ответственность",8,Развивать навыки менторства,3
Сотрудник 408,Козлов В..М..,Миграция системы,6,"Техническая экспертиза, креативность, самостоятельность",5,Усилить коммуникацию с командой,2
Сотрудник 409,Козлов С..И..,Оптимизация процессов,6,"Аналитическое мышление, внимательность к рискам",10,Усилить коммуникацию с другими отделами,3
Сотрудник 410,Сидоров В..С..,Оптимизация производительности,8,"Системное мышление, внимание к деталям, ответственность",6,Улучшить документацию процессов,3
Сотрудник 411,Волков В..И..,Улучшение безопасности,8,"Техническая экспертиза, креативность, самостоятельность",5,Усилить коммуникацию с другими отделами,3
Сотрудник 412,Козлов В..В..,Оптимизация производительности,9,"Организованность, внимательность, стрессоустойчивость",10,Развивать навыки менторства,3
Сотрудник 413,Михайлов С..И..,Внедрение новых технологий,9,"Организованность, внимательность, стрессоустойчивость",6,Усилить коммуникацию с командой,3
Сотрудник 414,Сидоров В..С..,Оптимизация производительности,10,"Системное мышление, внимание к деталям, ответственность",8,Развивать навыки менторства,3
Сотрудник 415,Петров П..И..,Автоматизация процессов,9,"Системное мышление, внимание к деталям, ответственность",7,Развивать навыки презентации результатов,3
Сотрудник 416,Волков В..С..,Улучшение безопасности,10,"Проявил инициативу, быстро учился, эффективно решал проблемы",7,Улучшить документацию процессов,3
Сотрудник 417,Смирнов В..С..,Оптимизация производительности,7,"Проявил инициативу, быстро учился, эффективно решал проблемы",5,Усилить коммуникацию с другими отделами,2
Сотрудник 418,Иванов С..В..,Автоматизация процессов,5,"Системное мышление, внимание к деталям, ответственность",7,Улучшить документацию процессов,2
Сотрудник 419,Козлов С..С..,Оптимизация производительности,8,"Системное мышление, внимание к деталям, ответственность",8,Улучшить документацию процессов,3
Сотрудник 420,Волков С..И..,Оптимизация процессов,10,"Техническая экспертиза, креативность, самостоятельность",10,Развивать навыки менторства,3
Сотрудник 421,Васильев П..М..,Автоматизация процессов,10,"Системное мышление, внимание к деталям, ответственность",7,Улучшить документацию процессов,3
Сотрудник 422,Волков С..И..,Оптимизация процессов,9,"Системное мышление, внимание к деталям, ответственность",5,Усилить коммуникацию с командой,3
Сотрудник 423,Петров К..С..,Автоматизация процессов,8,"Проявил инициативу, быстро учился, эффективно решал проблемы",7,Усилить коммуникацию с командой,3
Сотрудник 424,Васильев В..П..,Разработка документации,10,"Организованность, внимательность, стрессоустойчивость",10,Развивать навыки презентации результатов,3
Сотрудник 425,Сидоров М..С..,Автоматизация процессов,9,"Системное мышление, внимание к деталям, ответственность",5,Усилить коммуникацию с командой,3
Сотрудник 426,Петров И..П..,Автоматизация процессов,5,"Аналитическое мышление, внимательность к рискам",8,Усилить коммуникацию с командой,3
Сотрудник 427,Васильев С..П..,Разработка нового функционала,9,"Системное мышление, внимание к деталям, ответственность",9,Усилить коммуникацию с командой,3
Сотрудник 428,Смирнов И..М..,Оптимизация производительности,10,"Техническая экспертиза, креативность, самостоятельность",8,Развивать навыки презентации результатов,3
Сотрудник 429,Михайлов К..В..,Оптимизация производительности,9,"Техническая экспертиза, креативность, самостоятельность",10,Развивать навыки презентации результатов,3
Сотрудник 430,Иванов П..В..,Разработка документации,9,"Аналитическое мышление, внимательность к рискам",6,Усилить коммуникацию с командой,3
Сотрудник 431,Петров М..М..,Автоматизация процессов,10,"Техническая экспертиза, креативность, самостоятельность",5,Развивать навыки менторства,3
Сотрудник 432,Смирнов С..И..,Оптимизация процессов,5,"Техническая экспертиза, креативность, самостоятельность",7,Усилить коммуникацию с другими отделами,2
Сотрудник 433,Васильев С..К..,Разработка нового функционала,10,"Аналитическое мышление, внимательность к рискам",9,Развивать навыки менторства,3
Сотрудник 434,Козлов И..С..,Автоматизация процессов,5,"Техническая экспертиза, креативность, самостоятельность",8,Развивать навыки менторства,3
Сотрудник 435,Смирнов В..К..,Разработка документации,6,"Техническая экспертиза, креативность, самостоятельность",5,Усилить коммуникацию с командой,2
Сотрудник 436,Михайлов М..М..,Улучшение безопасности,5,"Организованность, внимательность, стрессоустойчивость",9,Улучшить документацию процессов,3
Сотрудник 437,Волков С..И..,Миграция системы,10,"Системное мышление, внимание к деталям, ответственность",8,Улучшить документацию процессов,3
Сотрудник 438,Иванов К..С..,Разработка нового функционала,6,"Техническая экспертиза, креативность, самостоятельность",8,Усилить коммуникацию с командой,3
Сотрудник 439,Михайлов С..В..,Разработка нового функционала,9,"Аналитическое мышление, внимательность к рискам",5,Развивать навыки менторства,3
Сотрудник 440,Смирнов К..М..,Автоматизация процессов,9,"Техническая экспертиза, креативность, самостоятельность",7,Улучшить документацию процессов,3
Сотрудник 441,Козлов И..К..,Разработка нового функционала,7,"Системное мышление, внимание к деталям, ответственность",10,Усилить коммуникацию с командой,3
Сотрудник 442,Михайлов В..С..,Оптимизация процессов,10,"Аналитическое мышление, внимательность к рискам",10,Улучшить документацию процессов,3
Сотрудник 443,Петров П..С..,Внедрение новых технологий,7,"Аналитическое мышление, внимательность к рискам",8,Усилить коммуникацию с командой,3
Сотрудник 444,Волков В..П..,Улучшение безопасности,5,"Организованность, внимательность, стрессоустойчивость",8,Улучшить документацию процессов,3
Сотрудник 445,Петров С..И..,Автоматизация процессов,6,"Аналитическое мышление, внимательность к рискам",8,Улучшить документацию процессов,3
Сотрудник 446,Волков И..М..,Оптимизация производительности,6,"Техническая экспертиза, креативность, самостоятельность",5,Усилить коммуникацию с другими отделами,2
Сотрудник 447,Сидоров С..П..,Миграция системы,6,"Проявил инициативу, быстро учился, эффективно решал проблемы",10,Улучшить документацию процессов,3
Сотрудник 448,Смирнов П..К..,Улучшение безопасности,8,"Аналитическое мышление, внимательность к рискам",8,Развивать навыки менторства,3
Сотрудник 449,Козлов С..К..,Улучшение безопасности,5,"Техническая экспертиза, креативность, самостоятельность",9,Улучшить документацию процессов,3
Сотрудник 450,Васильев В..С..,Автоматизация процессов,10,"Системное мышление, внимание к деталям, ответственность",6,Усилить коммуникацию с другими отделами,3
Сотрудник 451,Сидоров П..С..,Миграция системы,8,"Техническая экспертиза, креативность, самостоятельность",7,Развивать навыки менторства,3
Сотрудник 452,Сидоров П..П..,Внедрение новых технологий,5,"Техническая экспертиза, креативность, самостоятельность",10,Развивать навыки менторства,3
Сотрудник 453,Михайлов В..С..,Оптимизация производительности,10,"Проявил инициативу, быстро учился, эффективно решал проблемы",5,Развивать навыки презентации результатов,3
Сотрудник 454,Васильев В..П..,Разработка нового функционала,9,"Системное мышление, внимание к деталям, ответственность",8,Улучшить документацию процессов,3
Сотрудник 455,Сидоров С..С..,Оптимизация производительности,7,"Техническая экспертиза, креативность, самостоятельность",8,Улучшить документацию процессов,3
Сотрудник 456,Сидоров И..М..,Разработка нового функционала,8,"Системное мышление, внимание к деталям, ответственность",9,Улучшить документацию процессов,3
Сотрудник 457,Петров М..К..,Внедрение новых технологий,5,"Техническая экспертиза, креативность, самостоятельность",6,Развивать навыки менторства,2
Сотрудник 458,Волков С..В..,Миграция системы,7,"Аналитическое мышление, внимательность к рискам",5,Усилить коммуникацию с командой,2
Сотрудник 459,Козлов С..М..,Оптимизация производительности,5,"Техническая экспертиза, креативность, самостоятельность",6,Улучшить документацию процессов,2
Сотрудник 460,Петров К..В..,Внедрение новых технологий,6,"Проявил инициативу, быстро учился, эффективно решал проблемы",6,Развивать навыки менторства,2
Сотрудник 461,Сидоров И..М..,Разработка нового функционала,7,"Аналитическое мышление, внимательность к рискам",5,Усилить коммуникацию с другими отделами,2
Сотрудник 462,Васильев В..П..,Оптимизация процессов,5,"Аналитическое мышление, внимательность к рискам",10,Усилить коммуникацию с другими отделами,3
Сотрудник 463,Михайлов С..И..,Миграция системы,10,"Системное мышление, внимание к деталям, ответственность",8,Усилить коммуникацию с командой,3
Сотрудник 464,Иванов И..В..,Автоматизация процессов,10,"Проявил инициативу, быстро учился, эффективно решал проблемы",10,Развивать навыки презентации результатов,3
Сотрудник 465,Иванов М..К..,Автоматизация процессов,9,"Техническая экспертиза, креативность, самостоятельность",7,Усилить коммуникацию с другими отделами,3
Сотрудник 466,Волков М..С..,Миграция системы,9,"Проявил инициативу, быстро учился, эффективно решал проблемы",10,Развивать навыки презентации результатов,3
Сотрудник 467,Петров К..В..,Улучшение безопасности,10,"Проявил инициативу, быстро учился, эффективно решал проблемы",10,Улучшить документацию процессов,3
Сотрудник 468,Иванов П..П..,Внедрение новых технологий,8,"Организованность, внимательность, стрессоустойчивость",7,Развивать навыки менторства,3
Сотрудник 469,Михайлов М..С..,Оптимизация производительности,5,"Организованность, внимательность, стрессоустойчивость",10,Усилить коммуникацию с другими отделами,3
Сотрудник 470,Михайлов В..М..,Разработка документации,5,"Системное мышление, внимание к деталям, ответственность",10,Улучшить документацию процессов,3
Сотрудник 471,Иванов М..С..,Внедрение новых технологий,7,"Техническая экспертиза, креативность, самостоятельность",8,Усилить коммуникацию с другими отделами,3
Сотрудник 472,Иванов И..П..,Улучшение безопасности,7,"Аналитическое мышление, внимательность к рискам",6,Улучшить документацию процессов,3
Сотрудник 473,Волков С..П..,Миграция системы,5,"Техническая экспертиза, креативность, самостоятельность",5,Развивать навыки презентации результатов,2
Сотрудник 474,Петров С..К..,Разработка документации,9,"Аналитическое мышление, внимательность к рискам",8,Улучшить документацию процессов,3
Сотрудник 475,Михайлов П..П..,Разработка нового функционала,6,"Организованность, внимательность, стрессоустойчивость",6,Усилить коммуникацию с другими отделами,2
Сотрудник 476,Петров С..В..,Разработка нового функционала,7,"Системное мышление, внимание к деталям, ответственность",8,Усилить коммуникацию с командой,3
Сотрудник 477,Иванов К..И..,Улучшение безопасности,10,"Аналитическое мышление, внимательность к рискам",6,Развивать навыки менторства,3
Сотрудник 478,Козлов В..И..,Автоматизация процессов,8,"Системное мышление, внимание к деталям, ответственность",5,Развивать навыки менторства,3
Сотрудник 479,Иванов П..С..,Разработка документации,7,"Проявил инициативу, быстро учился, эффективно решал проблемы",6,Улучшить документацию процессов,3
Сотрудник 480,Иванов В..К..,Автоматизация процессов,10,"Системное мышление, внимание к деталям, ответственность",10,Развивать навыки менторства,3
Сотрудник 481,Михайлов П..С..,Автоматизация процессов,10,"Проявил инициативу, быстро учился, эффективно решал проблемы",9,Развивать навыки презентации результатов,3
Сотрудник 482,Васильев С..С..,Разработка документации,7,"Системное мышление, внимание к деталям, ответственность",6,Развивать навыки презентации результатов,3
Сотрудник 483,Козлов В..И..,Оптимизация процессов,5,"Аналитическое мышление, внимательность к рискам",5,Усилить коммуникацию с другими отделами,2
Сотрудник 484,Михайлов И..В..,Разработка документации,8,"Техническая экспертиза, креативность, самостоятельность",10,Улучшить документацию процессов,3
Сотрудник 485,Иванов К..С..,Миграция системы,10,"Аналитическое мышление, внимательность к рискам",7,Усилить коммуникацию с командой,3
Сотрудник 486,Волков И..В..,Оптимизация производительности,6,"Техническая экспертиза, креативность, самостоятельность",10,Развивать навыки презентации результатов,3
Сотрудник 487,Козлов В..М..,Оптимизация производительности,9,"Аналитическое мышление, внимательность к рискам",8,Усилить коммуникацию с другими отделами,3
Сотрудник 488,Михайлов В..К..,Автоматизация процессов,7,"Техническая экспертиза, креативность, самостоятельность",6,Развивать навыки менторства,3
Сотрудник 489,Иванов С..К..,Внедрение новых технологий,8,"Техническая экспертиза, креативность, самостоятельность",8,Развивать навыки презентации результатов,3
Сотрудник 490,Волков С..П..,Внедрение новых технологий,8,"Проявил инициативу, быстро учился, эффективно решал проблемы",6,Улучшить документацию процессов,3
Сотрудник 491,Михайлов П..И..,Автоматизация процессов,6,"Техническая экспертиза, креативность, самостоятельность",7,Усилить коммуникацию с другими отделами,3
Сотрудник 492,Волков С..С..,Миграция системы,10,"Аналитическое мышление, внимательность к рискам",7,Усилить коммуникацию с командой,3
Сотрудник 493,Михайлов В..М..,Оптимизация производительности,6,"Проявил инициативу, быстро учился, эффективно решал проблемы",7,Усилить коммуникацию с командой,3
Сотрудник 494,Петров К..В..,Оптимизация процессов,10,"Проявил инициативу, быстро учился, эффективно решал проблемы",9,Развивать навыки менторства,3
Сотрудник 495,Козлов С..П..,Разработка нового функционала,7,"Проявил инициативу, быстро учился, эффективно решал проблемы",10,Развивать навыки презентации результатов,3
Сотрудник 496,Сидоров П..В..,Автоматизация процессов,10,"Системное мышление, внимание к деталям, ответственность",8,Развивать навыки презентации результатов,3
Сотрудник 497,Михайлов М..С..,Разработка нового функционала,6,"Организованность, внимательность, стрессоустойчивость",10,Усилить коммуникацию с командой,3
Сотрудник 498,Козлов М..В..,Улучшение безопасности,9,"Системное мышление, внимание к деталям, ответственность",5,Развивать навыки менторства,3
Сотрудник 499,Козлов В..И..,Автоматизация процессов,6,"Проявил инициативу, быстро учился, эффективно решал проблемы",9,Развивать навыки презентации результатов,3
Сотрудник 500,Петров С..В..,Разработка нового функционала,5,"Организованность, внимательность, стрессоустойчивость",5,Развивать навыки презентации результатов,2
